label,text_clean
negatif,simulasi indonesia dijajah keturunan belanda kedepan bye bye talenta anak bangsa lokal indonesia bubarkan liga pencarian bibit unggul atlet bola drpd rusak mental anak bangsanya
negatif,keturunan yang gak main bola emang di naturalisasi istimewa kepentingan negara sesuatu yg subjektif tergantung petingginya akal akalan naturalisasi biasa wajib bahasa indonesia
negatif,uda botak keturunan penjajah sok si paling paham bola lu coach mentok karir ngelatih futsal aja sok oke lu anjing
negatif,gak semuanya jadi pemain bola yg milih karir pemain bola belum tentu kualitasnya cukup buat timnas kalau pssi cuma fokus pemain keturunan mah sama aja mempersempit kolam sendiri
negatif,lu nya aja yg bego makanya nonton sendiri tolol persepsi orang beda harus sama bego memang coach tolol sty tolol out aja udah
negatif,punya saran terkenal pola permainan cepat itu dihilangkan itu bahaya besar persepak bolaan jadi mohon disampaikan ciri khas permainan
negatif,sty ga coba asnawi jadi gelandang aja vo max nya paling tinggi loh diantara pemain timnas
negatif,bukan masalah bnyak kesempatan tiap taun bnyak turnament sebenernya tpi gua rasa salah satu hajat besar pssi tiap taun cuman bersaing level asia tenggara piala asia inilah kredibilitas etsty pertaruhkan klo pildun mah merem dh jngn ketinggian ekspetasinya
negatif,biasa sty klo tantrum kan gtu semua dibawaâ² mna gaada yg ngingetin pulaa
negatif,pulang tanah air akan dilempari telur layak nya timnas korsel yg gagal era sty ðÿ¥²ðÿ¥²ðÿ¥²
negatif,posisinya arhan double tuh sama edo apa spesialnya bgst arhan sty emang nih
negatif,yaampun coach sty rek dendy teross
negatif,gw mh yakin habis piala asia sty dipecat
negatif,wew ga ngira adam alis yg dicoret sihdi liga main kemarin main dan stok gelandang tipis banget meanwhile striker rame beneerr semoga sty ga salah pilihðÿ¤²
negatif,tim sampah coachnya sampah miskin taktik goblok out aja sty out pelatih mentok
negatif,bukan dendy s dn dimas dsty takut x sama bosnya mrk yaðÿ˜ðÿ˜ðÿ˜
negatif,gue curiga ne anak biar dicoret masuk list senior ma sty jadi peluang masuk timnas belandaeeeh malah dibawa di piala asia ma sty ðÿ˜
negatif,dendi nyimpen pap tt nya sty dimaninin terus tu bocah
negatif,dendy punya vidio sty ngocokk makanya panggil terus
negatif,pokoknya percaya penuh soal sty perihal mempertahankan dendy skuadðÿ™„
negatif,balik statement kemarin dendy salah satu anak emas sty selalu percayakan tidak kunjung perform laen memang sty
negatif,lo nanya dendy sty yang maju jawab pak manajer timnas un wkwk
negatif,bikin desak sty anjir dendy bapuk ngapain dipanggil mending ipang coy larinya ngebut
negatif,dendy punya foto sty berak
negatif,sampe skrng tgl januari sikon hujan sedang belum paham mksd sty dendy mulu
negatif,udah dendi nyimpen poto bugil sty makanya selalu d bawak starter si biawak sunge satu ni
negatif,atlit lempar lembing gak pernah main klub dipanggil timnas aja udah aneh jadi gak heran sama keputusan sty setelahnya si dendy karyawan tetap dipanggil terus udah lah jangan berharap banyak ðÿ˜‚
negatif,keknya dendy nyimpen foto telanjang sty deh
negatif,fix sty punya hutang budi sama dendy
negatif,siap naikan tagar sty outðÿ¤­
negatif,no emang bagus yaðÿ¤£ sty mana berani nyoretðÿ«¢ðÿ˜
negatif,sty juara ngeles
negatif,beberapa kali liat sty pake pas lawan tim bagus selalu hasilnya jelek semoga piala asia pake aja ernando ridho elkan walsh ivar marsel klok shayne rafael dimas
negatif,dendi bekingannya jendral sty takut kyknya coret ðÿ˜
negatif,punya gelandang tengah murni minimal pertandingan benar keputusan beresiko tinggi mungkin sty mencoba asnawi jordy shandy alternatif gelandang tengah ada yg cedera akumulasi faktanya yg dicoret gelandang tengah semua
negatif,di bilang dendy punya foto sty berak un
negatif,seseorang bikin acara desak sty aku udah nyiapin pertanyaan pertanyaan ttg dendy
negatif,banyak denial bang kalau sty jauh lebih buruk dibanding luis milla
negatif,dendi kntl setiawan klo di mainin kagak tau lgi dah sty
negatif,adam alis arkhan fikri baru maen sebentar njirr gw kira mulai pencoretan laga lawan libya besok ga ngerti sama sty sulit ditebak
negatif,sty sayang bgt sm arhan yg engga perform klub skrg klub engga arhan aja yg dicoret bek kiri timnas shayne edo arhan
negatif,takut bgt sty bkl blunder dh krn bingung sbtulnya sih masa depan pemain bukan tugas coach tp balik dr usaha pemain lets see lah bkl dibawa sbnrnya iniðÿ˜”
negatif,sty out piala asia gagal total phs jadi platih desember juara aff putaran wc
negatif,gw yakin seyakin yakinnya sty habis piala asia pecat pelatih tolol
negatif,klo sty pake single pivot gelandang mencover area yg luas w pesimis sihðÿ˜žðÿ˜ž
negatif,alasan menurut sty tak sepenuh hati membangun timnasional hanya gila atensi ambisi pribadi keadaan mengingatkan kepada kontroversi awal kedatangannya pernah bersilang pendapat dirtek pssi
negatif,tengah harapan menunggu proses menjadi kita sabar sty tergoda jalan pintas naturalisasi bukan soal nga bolehnya haram tidak iya saja sebenarnya mengingkari fatsum yg telah ia janjikan ndasmu proses
negatif,kontek berubah benarnya sty merubah wajah timnas memulai membangun timnas wajah baru ituitu lagi indikator berhasil hanya pada bagian lain sty jauh kata berhasil gagal banyak aspek
negatif,kenyataannya thn bertugas sty bingung menentukan reguler menjadi starting baku belummemberi tropi apapun soal permainan sesekali saja timnas enak ditonton kata warganet timna berubah
negatif,lord dendy sejak jaman sty auto main bro
negatif,sty punya piala asia membuktikan kemampuannya meracik tim telah terlalu banyak diberikan privilese federasi warganet menjadi pelatih durasi terpanjang thn terakhir upah paling besar dimanjakan dgn suntikan pemain rantau
negatif,apa yg diliat sty dari sosok dendy dimas
negatif,sebenarnya sty punya seribu alasan mengindahkan dendy musim ia tak tampil baik liga pemanggilannya penuh drama manajer timnas dibully faktor kedekatan sparing vs libya tempo hari bermain alakadar nemu alasannya dipertahankan
negatif,opsi lini tengah tipis menjadi pertanyaan edo febriansah salah satu anak emas sty jarang main tpi panggil terus
negatif,emg diremehin timnas sty kalo gagal total piala asia sama kualifikasi pildun pressure buat angkat kaki jadi sorotanðÿ‘€
negatif,dendy punya foto bugil sty kayaknya
negatif,dendy sty ngeliat apa nya sih
negatif,timnas jalan tempat gk perkembangan sty gaya doang
negatif,sty udah jadi dewa gak dikritik
negatif,titipan pemda jangan di coret karir sty terancam
negatif,dendy pegang rahasia sty apa ini kalo sty ngelatih korsel dendy tetep undang ðÿ¤“
negatif,kecoretlah kemaren bola sisi kiri larinya kaga ada peluang disia siain kaya gitu mau jadi ter arhan arhannya sty mana main
negatif,dendy pemain titipan cok masa iya pelatih sekelas sty buta matanya lihat kualitas pemain kek dendy ðÿ¤£ðÿ¤£ðÿ¤£
negatif,keknya sty gamau panggil pemain dr klub pemiliknya problematicðÿ¤­
negatif,ha bener lebih baik yg gk dipanggil goal liga cuma bro udah lah itu dipaggil bukan perfrom suka suka sty aja kalau perform malik rizaldy lilipaly dah dipanggil
negatif,dendy punya video skandal sty wkwk
negatif,kesayangan sty pentingnya kehadiran berdua timnas melebihi prestasinya ðÿ¤­
negatif,selama ada duo el titipan lord dendi dimas drajat jan berharap banyak deh btw goodluck styðÿ˜š
negatif,dendi kesayangan sty
negatif,udahalh juru kunci ni timnas emang aneh sty pemain jadi camat klub dipertahanin mulu pemain cuma lari lari doang dibawa
negatif,curiga dendy nyimpen foto sty
negatif,punya forward masih dendy disana rahasia sty apa yg pegang sampe sebegininya
negatif,dendi nyimpen foto bugil nya sty kali
negatif,dendy sama arhan punya aib nya sty kayanya nih
negatif,dendi anak emas mas sty hahaa
negatif,realistis pak liat cara main dendi dibawah sty sm adam alis dibawah sty enakan mainnya adam alis mah pribadi saja pak tiap orang bebas berpendapat
negatif,dendy ngmg apa ke sty sampe dibawa trs
negatif,sempet kepikiran gini apa mungkin sty gak ngambil sono gara takut intervensi bos nya jadi rame mending kagak aja dah ðÿ˜
negatif,gak malah sty gambling jelasjelas lilipaly maen lawan turkmenistan bagus trus sty butuh pemain yg senior malah cuma aja yg senior jordi sama klok mnurut gua sty kayak kurang pede malah gambling trus adam alis yg udh calling dua kali
negatif,si fajar harusnya yg patut coba mah malah adam alis yg calling udh gitu coret sty nih kadang kadang perjudian mulu
negatif,dendi ama arhan kok ada aje dibelakangnye orang kuat nih sty aj ampe kicep
negatif,wkwwkk lebih milih dendy dibandin adam alis ðÿ¤£ pasrah aja kadang emang sty
negatif,sty lebih pilih egy hokky dendy dibanding adam alis ðÿ¤·â€â™‚ï¸
negatif,wkwkwk adam alis dicoret gila vener sty
negatif,hallo om sty masalah apa sama borneo ðÿ«
negatif,udahalh juru kunci ni timnas emang aneh sty pemain jadi camat klub dipertahanin mulu pemain cuma lari lari doang dibawa
negatif,dendy ni punya video bokep sty gimana gapaham w dipanggil terus
negatif,fix dendy punya foto telanjang sty
negatif,dendy sama arhan punya aib nya sty kayanya nih
negatif,saya heran sty sudah saran expert kok ttp ga didengar
negatif,kalo gua jadi sty gua coret edo panggil lilipaly si fajardi posisi bek kiri ampe nama gitu shaynearhan sama edo
negatif,asli pada manggil arkhan fikri sama adam alis yg udh numpuk bngt pemain tengah mending panggil lilipaly soalnya mental lilipaly lumayan oke gak paham sama sty
negatif,gak coba sty kan bentar doi cabut timnas
negatif,taik sty pelatih mentok udah punya plan a b c udahlah
negatif,sty sebaiknya siap pulkam koreadia cuma comot pemain eropa semua orang bisa
negatif,sty tenangjagoan dateng belakanganpulang nya duluan ðÿ˜…
negatif,jujur performanya mulai mundur sty tahun lalu ngalahin kuwait curacao levelnya diatassetara libya makanya kemarin sempet optimis ngalahin irak pernah menang lawan kuwait kandang lawan eh malah jadi selangkah mundur ðÿ˜…
negatif,hasilnyabisa didugakalah telaktapi bukan soal kalah menangtapi perlu bangun atlit sep bolabukan atlit dadakan comot eropajika terus begitusampai kapanpun pssi tdk maju modern lebih baik sty pulang
negatif,siap sty kebantai yg dua kali
negatif,biar penyefong sty ga tolol
negatif,macam persaingan pribadi dgn indra safriðÿ¤£ indra safri dpt seagamessty ngerubah pakemnya lo perhatiin aja timnas thn vs beda bgtðÿ¤£ðÿ˜†
negatif,heran sty belum tertarik masukin ke timnaspadahal multi posisi jujur aja dibanding slot bek kiri diisi edo arhan mending fajrin kemanamana
negatif,sty paling kalo kasih alasandan publik lgsg percaya inikah namanya cinta
negatif,percaya stylihat aja nantidrakor
negatif,udah pake pelatih sekelas sty bobrok kapan evaluasi kompetisi usia dini gimana kompetisi piala indonesia gimana kompetisi liga putri gimana
negatif,selama sty pasang dendy amp edo gw anggep lagi coba sembunyiin taktik dah
negatif,dendi anak pejabat saha sih dipanggil mulu tolol sty blog goblog disetir pejabat
negatif,sty out tahun depan kalah timor timur
negatif,kalo gak menang lawan vietnam mending sty out
negatif,in sty we trust hilih mbilgidis
negatif,pelatih sty menemukan solusi lini depan timnas indonesia bermasalah tumpul kurang kreatif membuka ruang mencetak gol insitingnya kurang mencetak gol bersaing dipiala asia sebentar
negatif,kalau enggak menang lawan vietnam siap aja sty serang sanasini soalnya statement doi lebih penting afc
negatif,el titipan aura magisnya mampu membuat sty terhipnotis
negatif,indonesia bgt ngetroll y kritik sty sampe lupa sty udah berapakali kalah milih pemain titipan
negatif,bukan belain sty tp hari memang sistemnya berantakan liga dari segi pribadi pemainnya liat malaysia memang jdt nunggu federasi kim pan gon ketemu naikin kualitas fisik pemain clubnya nunggu federasi untuk punya fasilitas grade a afc
negatif,aff kemarin mati kutu ama irianto tp gak tau sty lebih suka pake klok buat dmf
negatif,emg pelatih nya kek orang gblok pemain oke gbs diolah sty badutt
negatif,terlepas selera sty sepertinya memang kepingan lini depan lebih cocok lilipaly ketimbang dendyegy
negatif,pak sty cobalah tekankan pemain nasional tidak zamannya melewati pemain lawan melego kerja sama paling utama
negatif,rooney nganggur suruh gantiin sty aja udh mayan jadi pelatih indo minimal jadi assisten pelatih sty dah
negatif,bro gw pendukung sty dr awal tp uda kelamaan alesannya mutar muter aja awal sty bagus tp lama ga jelas dipertanyakan mulai dr taktik pemainnya cb pelatih lokal uda lama dipecat standartnya ganda pssi yg skrg kental buzzernya
negatif,percuma aja pake pemain keturunan kalo pelatih nya aja gak komunikasi baik jadinya ambyar mending ganti tuh sty pake pelatih yg komunikasi dgn baik giovani van bronkhorst pieter huistra gacor deh pak erik
negatif,lebih berpikir positif percaya prosesnya thomas doll persija percaya prosesnya sty timnas ðÿ™
negatif,percuma kalo pelatih nya sty yg main ttep dendy sama asnawi
negatif,takutnya kyk lilipaly gitu ga kepake sama pelatih sekelas sty
negatif,pemain istirahat kalau masih capek pemain udah ikut tc lama udah siap main baru dateng dipaksain main hadeeh sty out
negatif,sty udahan lah capek fokus benahi kompetisi lokal dulu
negatif,rewatch indonesia vs libya satu harus dibenahi sama sty off the ball pemain jelek
negatif,mending taktik satu aja terus dihapalin pemain mateng yg dinaturalisasi belakang yg blunder belakang pr sty bagaimana membuat pemain naturalisasi mau bekerja keras
negatif,sty cuma nyari kambing hitam kegagalannya kebantai sama irak dikambinghitamkan nadeo gagal aff sama sea games dikambinghitamkan pemain lokal draw lawan filipina disalahkan lapang sama main away
negatif,pemain naturalisasi kaya pemain tarkamapa karna strategi sty yg ngaco
negatif,mohon maaf mas sty minta ny kiper yg buildup bwah bukan yng ngnadelin long up ðÿ™œ
negatif,kebanyakan makan mielawakðÿ˜œsty is out
negatif,bener sih sty terlalu nyaman
negatif,bek bego ngapain kayak main futsal depan gawang passing passing ga jelas kalian percaya sty mau naturalisasi pemain terus hasilnya nol besar semua ðÿ˜€
negatif,kali sory to say sty dah mentok bedanya sama phs phs konsisten sty malah coba coba mulu
negatif,izin sedikit menambahkan bung opik pemilihan pemain dilakukan coach sty patut pertanyakan ambil contoh lord dendy sang anak emas sty sudah berkali menjadi starter tidak perform amit
negatif,knp dah perasaan awal dpgang sty bagus bener skrng jd merosot apa krna perlawanan nya yg beda
negatif,sty suruh jadi coach timnas amin aja dah
negatif,salah sty ga bawa fano
negatif,yh salah pelatih dong krn pelatih hebat mampu mengakomodasi kualitas pemainnya klo pemain ga maen possesion yg jgn main pemilihan pemainnya byk kurang tepat kok sty contoh dendy ma egy ga banget maennya
negatif,kayaknya sty kena teluhkwkwkwkkw
negatif,kemampuan sty mentok dgn personil garuda
negatif,wkwkwk sampe kacau krn mertahanin gaya main keliatannya sekacau apapun gaada perubahan taktik selama pertandingan pdhl pertandingan kompetitif sty sering ubah taktik kemungkinan besar akan jadi pakem taktik buat piala asia cmiiw
negatif,setuju bngt brofirst half eksperimen sty gagal total tuh pemaen lokal yg difirst half prett semua maennya gajelas ga apa bkin bnyk kesalahanklo klh satu gol dimakluminini gol balas memalukan
negatif,selamatkan timnas mmg hasil buruk terus menerpa segera sty diberhentikan sakit hati dengan hasil semalam
negatif,komunikasisatu kekurangan sty gk bs bhs inggris
negatif,saran sty latih pemain utk bikin gol gawang lawan aturan baru spbola itu diperbolehkan
negatif,jelasin donk knp sandy walsh kmrn gak maen capek cedera bgmn lbh pilih maksa witan jd bek kanan apa sty sbgitu gak suka nya sama sandy walsh
negatif,pak timnas keog pak skor mencolok ðÿ™‚ bilangin sty jangan gontaganti formasi permainan pak kalo semua pemain keturunan yg line up diturunin semuanya besok di leg biar ngga kebantai
negatif,carlo ancelotti bagus tp dia mulai jelek dganti zidane hasilnya real madrid tambah keren pssi meniru ganti sty dgn pelatih baru
negatif,formasi yg dicoba coach sty kemaren emang benerbener baru keliatan banyak celahnya babak yg sampe mainin marselino posisi no bukan di no yg biasa main jadi jelas kacau fungsinya laga uji coba ya kan ðÿ˜„
negatif,sty kelas mana ðÿ˜‚
negatif,skuad rasa eropa sepertinya taktik sty malah kurang cocok gaya permainan liga eropa bisa jadi sty diganti pelatih asal eropa who knows ðÿ˜œ
negatif,skuad rasa eropa sepertinya taktik sty malah kurang cocok gaya permainan liga eropa bisa jadi sty diganti pelatih asal eropa who knows ðÿ˜œ
negatif,memang akhir perjalanan sty bentar keknya bang
negatif,nadeo main tiga match kualifikasi piala asia lalu melakukan banyak save lawan kuwait oman karena kesalahan lawan irak lalu pdhal beknya bapuk sty ga bijak itu dia dipanggil asia entah jadi kiper lagian diklub perfome
negatif,saatnya dibehentikan bukan sty yg tak bagus sdm sepak bola yg kuncung muncul krn pembinaan yg asal sekaliber apapun pelatih mentok pd akhirnya pr besar pembinaan kurikulum sekolah sepak bola ada jgn usia muda gila kompetisi paham
negatif,wkwk uda brp tahun sty target gagal semua msh blg jgn terlalu dini
negatif,berarti dibawah sty timnas jadi jelek dulu dikalahin sekarang gk
negatif,beresin sepak bola aja boss naturalisasi piala asia kanjuruhan apa minat jadi gubernur jakarta
negatif,kalah naturalisasi kalah nambah naturalisasi tetep pecundang akhirnya skuad inti legiun asingðÿ˜… mirip filipina sm singapore beberapa tahun lalu filipina sm singapore wajar kekurangan sdm olahraga bcos negeri kecil n bkn negara bola lah
negatif,udah naturalisasi kali kayak pemainâ² sepak bola ðÿ˜œ
negatif,juta rakyat indonesia gak orang yg jago main bola shg naturalisasi banyak pemain luar diperlukan nonton bola gak seseru klo rakyat asli indonesia yg main rakyat gak merasa memiliki kesebelasan nasional
negatif,jargon nkri harga mati gak berlaku buat bola hahaha payah sah juta lebih rakyat indonesia eh malah naturalisasi
negatif,cuma main bola ada pemain asin eh naturalisasi
negatif,nah lah lo termasuk org yg membenturbenturkan lokal sama naturalisasi korban omongan sty yg suka menjelekjelekan lokal mengagungagungkan naturalisasi
negatif,naturalisasi pemain asing adl program pssi yg memalukan bangsa krn dunia luar menganggap rakyat gak bahkan orang yg jago main bola pdhl pssi yg tlh gagal membina mencari bibit pemain pssi hrs menghentikan program hina
negatif,pantes aja banyak yg kontra naturalisasi halfblood mungkin banyak yg trauma sm yg modelan bgini semoga pemain yg skrg bs jd contoh yg lebih baik dalam maupun luar lapangan
negatif,maunya instan mau target besar dgn cara instan naturalisasi dijadikan solusi bukan dgn membenahi sekolah sepak bola kurikukum sekolah sepak bola kompetisi usia muda yg centang prenang gak tahu arah juntrungannya sudah gagal krn tak mau belajar
negatif,wajar kalah emang pantas kalah kualitas timnas cermin kualitas liga nya sendiri liga acak kadut tarkam problematik grasak grusuk ga skill penting nendang bola disatuin ma naturalisasi jg jadi lawak minyak jelantah satuin ma aer kobokan ga nyatu
negatif,naturalisasi gak naturalisasi sama aja sih buruknya sepakbola indonesia mungkin emang bukan negara bola kali y negara politikus
negatif,mau naturalisasi messi gk ngaruh negara maling kok suruh maen bola
negatif,squad mahal lebih mahal lawannya kalah telak lebih sakitnya kebobolan tendangan tengah lapanganðÿ¤¦ðÿ½â€â™‚ï¸ haduuuh kelemahan kendala bahasa pelatih hingga pemain naturalisasi padahal terpenting sepak bola kekompakan telan pahit ðÿ¤¦ðÿ½â€â™‚ï¸
negatif,terus aja naturalisasi anak indonesia males main bola dalam negeri ðÿ˜¢ðÿ˜­ðÿ˜­ðÿ˜­
negatif,babak mana sih org yg ga setuju pemain belakang naturalisasi semua liat noh bolong semua babak ajg pemain lokal pemain naturalisasi blunder semua cok welcome to fans bola indonesiaðÿ™
negatif,keseringan dipuji jadi kepedean para pemain naturalisasi jadinya bego maennya
negatif,terlalu berat lawannya malah bikin mood pemain gk baik menurutku hentikan program instan naturalisasi mending benahi kelemahan yg mendasar sejak usia dini passing nahan bola nutrisi yg baik biar fisiknya nggk kalah bersaing terus benahin kompetisi
negatif,pemain naturalisasi naturalisasi cuma buat cadangin trs yg bilang cuma pemanasan ah yg bukan pemanasan ge cadangan terus si dendy dimaenin terus emang bener bener ga badminton ga bola wkwkwk
negatif,nih lo aja kemakan omongannya sty sibuk jelekâ²an org yg lo sebut lokal pret lo sendiri udah masuk golongan naturalisasi pret yg namanya membenturbenturkan ulahnya sty cuma lo ga sadar aja
negatif,miris lihat supporter bola skrng terlalu muja naturalisasi jujur gue udah muak sm supporter modelan kek gitu skrg nnton match indo aja udah gak se excited dulu krna males sm supporternya yg dikit bawa personal
negatif,coba lo liat sana google alasan sty minta naturalisasi krn nilai pemain lokal bermasalah mentalnya juga bilang pemain naturalisasi menutupi kelemahan sadar gasadar dg ngomong gini sty membenturkan lokal sama naturalisasi
negatif,sty sering menjelekjelekan pemain lokal semisal mengatakan bermental jelek terus memujimuji naturalisasi dg bilang timnas lebih menakutkan dg adanya naturalisasi kan perbuatan yg membenturbenturkan lokal sama naturalisasi cuma fensnya aja yg gak sadar
negatif,betulpolarisasi naturalisasi n pembinaan prmain lokal udah sangat ga relevankeduanya berjalan beriringanyang ingin kan out put terbaik keduanya
negatif,kalau gw liat sty lovers pendukung program naturalisasi rata emang fans bola luar disini nanti kalau timnas bagus bahan tuh liat timnas sekarang ga ada yg maen liga dagelan ðÿ˜‚
negatif,fans bola indonesia jaman dulu aja polemik soal naturalisasi gw sih posisi nolak naturalisasi juta banyak bakattapi gitu disiain bahkan naturalisasi ternyata jadi projekan kok orang dukung oke aja soal naturalisasi
negatif,memilih sama kyk pssi yg ketumnya sering kritik oposisi apa keabisan putra indonesia terbaik harus milih pemain naturalisasi bedanya klw timnas bola salah satu duta negara klw presiden satu pemimpin negara mikirrrr
negatif,hopeprogram naturalisasi ni bersifat sementaralagi manis kejayaan bola sepak negara hasil pemain bangsa malaysia
negatif,kebablasan yg maksd naturalisasi aspek pembinaannyaa lupain kualitas liga turun terus standarisasi klub ga jalanin kompetisi profesional cuma liga nah
negatif,padahal program naturalisasi dia kerjain comot pemain random palingan mas mas tarkam belanda kebetulan pagi main bola
negatif,anak kenal bola gak paham naturalisasi bukti pembinaan bola gagal gak tau gimana indo maen piala asia pemain asing generasi terbaik timnas kala
negatif,nya klo mau bola maju pembinaan tau naturaslisasi bntuk kegagalan knpa naturalisasi bukan pembinaan usia dini
negatif,naturalisasi bukti gagal nya pembinaan sepak bola indo
negatif,juta jiwa masyarakat indonesia gak yang nendang bolajadi wajar jalan terakhir naturalisasi walaupun hasilnya sama aja
positif,sty pernah mengeluhkan kualitas pemain lokal permasalahan mindset etos kerja
positif,indonesia libya sty berbenah baik taktik amp susunan pemain libya sepertinya akan unggul
positif,suka suka coach sty lah berhasil membawa gairah positif timnas level senior sejak evan dimas cs berhasil juala aff u orang cenderung lebih mengikuti timnas level junior ketimbang senior peforma timnas senior waktu jelek
positif,paling kerja keras tinggi sty kalau lokal pemainasnawi pratama arhan sering bikin contoh pemain ketika ngelatih timnas kelompok umur arhan pas sering main emang ggsalah pilih klub aja
positif,salah satu alasan knp klub korea ttp ngelirik asnawi krn data statistik pasti asnawi msh terhitung bagus buat standar kuota pemain asing bukan masalah koneksi sty arhan trmasuk kategori
positif,tolonglah sty ngelath dri rank an tekhnik pasing operan dasar aja ajarin di latihan timnas yg di akademi ssb klub masing ga melulu soal piala juara aff target pssi naik level jajaran asia bukan asean
positif,namanya aja pertandingan uji coba wajar kalau sty bereksperimen netizen coba baca deh ulasannya bagus ðÿ‘ðÿ»
positif,netijen yg benci sty mana mau liat fakta beginian ndos beralibi sty juara padahal memberi jam terbang pemain muda penting
positif,lhaaaa mungkin yg dijadikan dasar sty masang asnawi jadi bukan kesayangan
positif,arkhan fikri usah kecewapada saatnya timnas indonesia diisi full memburu juarapiala asia tenggara piala asia sty hebat erick thohir hebat
positif,gila sih sty pemain tertua aja usia ðÿ˜‚
positif,permasalahan timnas selama kan lini depan sty lbh banyakin stok lini depan jg bukan alasan jadi strategi sty kalo lini depan deadlock kan witan sadil egy posisinya mobile depan sepertinya striker murni kemungkinan cuman dimas sananta
positif,pilihan pemain sudah dikunci sty keknya udah benarâ² pilihan sesuai taktik pelatih pakemnya semoga gacor piala asia
positif,hutajua sasaðÿ˜‚
positif,kamu tau gak di jalan suka banyak mobil aku mobilang suka sama kamu ðÿ¥°ðÿ¥°ðÿ¥°ðÿ¥°ðÿ¥°
positif,squad sebagian berari bisa main at least tahun kedepan kalau ditanya apa sty kasih timans indonesia legacy pemain muda dia kasih berani potong generasi jadi kebanyakan walaupun umur pemain udah banyak pengalaman
positif,grup anti sty senang lihat
positif,ga ad taktik biasakan nnton baca postingan disitu dijelasin sty banyak taktik gameplan lunya aja ga paham tolol
positif,rataan pemain yg bagus utk masa depan kalopun sty gak bs ngasih apa mininal ngasih legacy pemain yg siap dr usia muda timnas kan biasanya avg nya diatas bahkan msh dipanggil rutin
positif,yabagus artinya sty bangun tim buat jangka panjang semoga ga pecat sty
positif,eh sampah yg lu ketik benar tpi yg difokuskan dr awal bahas sty mau ngelatih timnas apapun situasi nya bangsat
positif,rataan usianya cuyy ngueriii efek potong generasi kemaren memang berani sty negara dg rataan usai termuda siapa indonesia masuk salah satunya
positif,yg sty butuhkan pemain naturalisasikualitas pemain liga mgkn berlakuðÿ™ðÿ¼ðÿ¤”
positif,lah emang mau siapa dicoret arkhan wajar krn masih muda masih minim pengalaman saingannya terlalu kuat sty jg pernah bilang arkhan dipanggil buat proyek masa depan timnas adam alis wajar dicotet klemar klemer gabisa lari fisik jelek
positif,gue percaya ten hag kayak gw percaya sty
positif,request adam alis dikabulkan sty awokwok
positif,apa saatnya aku bikin kpopfication of timnas apalagi pelatihnya sty cuma waswas bakalan diperpanjang atau enggak soalnya nasibnya ditentuin pas piala asia
positif,ernando ridho hubner baggott walsh klok ivar shayne marselino dimas struick berharap coach sty pake starting line up
positif,dendy permainan emang b aja secara statistik gol jml bermain utk timnas lebih baik striker liga skarang yg pernah panggil timnas era sty dedik ezra yudo percayain aja sama sty tau apa yg butuhkan timnyaðÿ‘œðÿ»
positif,bantu jawab dr pov sy bg dendy memang ga spesial dlm finishingdribbling sbg striker tp punya stamina work rate explosive power yg lumayan dibanding yg cocok dg skema sty yg mana strikernya diharuskan pressing bek gelandang lawan cont
positif,sty mau explore taktik jam terbang pemain we trust you coach lesgoo piala asia buktikann
positif,gua paham sih sty coret berdua lini tengah udah kebanyakan pemain untuk lini depan dikit bgt adam alis kan dicoret mau liburan katanya wkwk nah kalo arkhan bismillah disimpen buat piala asia u
positif,benerlah jangan percaya n terpengaruh sama netizen udah buktinya kalo timnas dgn pemain pilihan netizen bakal ancur percaya kpd sty
positif,mirip awal coach shin megang timnassty berupaya memakai segala taktik walaupun hasil ngk bagusdi match jelas cobakarena beberapa pemain baru gabungya liat aja progress nyasemoga makin gacorðÿ”¥ðÿ”¥
positif,juga luar biasa banget kalo nahan iraq semoga sty amp semua pemain berbenah
positif,semoga rezeki yg banyak utk sty pasukanðÿ˜‡
positif,aku ndak tau udah jelas masuk skema sty andaikan sty mau jujurentahlah
positif,hmm kalo diliat current form adam alis gt gt gt dendy mungkin si dendy punya etos kerja yg disukain sty ðÿ¤”
positif,liat scr objektif skuad yg bawa sty qatar stok lini tengah tipis melimpah sisi sayap udh ketebakkan gaya mainnya andelin couter attack sayap
positif,secara keseluruhan blm mendakwa sty gagal total barangkali apa tlah dikerjakannya memang meledak piala asia mau starting pemain rantau semua mau kombinasi terserah saya hanya menantikan hasilnya sty memang bagus gadang ota
positif,sty motong generasi bang tau kebanyakan kualitas pemain tahun keatas di bawah rata rata level timnas pas sty dateng aja di ajarin passing bener
positif,suka data taktik yg diuraikan mimin ya buat netizen asal koment hujat buka wawasan dgn mempelajari skema strategi coach sty
positif,padahal awal sty dateng udh potong generasi dia aja baru sadar wkwk
positif,yupp justru dikasih kesempatan sm sty buat latihan bareng pemain senior
positif,jaman simon ngikutin request netizen kalah dibully jaman sty kemauan pelatih dibully sm netizen wkwkwk
positif,baik banget sty coret adam alis biar doi liburanðÿ˜‹
positif,ngapain bahas pemain yg gak dipanggil mas lilipaly gacor tetep gak dipilih bahkan kalo dipilihpun gak dimainin alias cadangan berarti emang dr awal bukan lilipaly pemain yg diminta sty terakhir main lawan burundi kan lawan argentina aja gak dimainin
positif,masih muda kayak nya ntar piala asia u keep jadi starter sih soalnya andalan sty di u
positif,jordi justin sandy yg jadi gelandang banyak yg minta dendydimas dicoret bakalan resiko karna sisa sananta hoky rafaeel doang didepan mungkin posisi mas adam arkhan udh ada kambuaya marcelino klok jenner yg lebih sering dipake sty
positif,
positif,bikin kesel tuduhan titipan seakan sty mau mempertaruhkan karir di piala asia cv demi menerima titipan pemain sangat konyol cara berpikir
positif,sty ga takut apa sama si bos
positif,yg ga dipahami semua org favouritsm pelatih pemain tertentu kayak sty sebetulnya lazim pasti bikin heran sendiri ðÿ˜… sekelas inggris brazil pernah gitu pelatihnya
positif,wajar sih formasi andalan sty kan pake bek
positif,ngga takutâ²nya sty sama bosnya mbah
positif,adam alis sama arkhan lumayan tp dibanding sama pemain tengah gimana sty bawa banyak pemain belakang soalnya mereka jd pemain tengah maybe gitu jd gak cukup cuma jauh lebih baik dr kemarin gak jelak
positif,suka hilang momen adam alis sama strategi sty keep bola terlalu lama shg transisi nya jadi jelek kualitasnya biasa aja sih dibanding gelandang yg sisa
positif,striker lokal loh yg dibawa stysisany yg gk dibawa jauh lebih ampas dendy gw
positif,karna kualitas liga emang buruk fakta pemain lokal kebanyakan habis passing melongo diam ga cari ruang ga pergerakan bola pemahaman bermain yg baik sty kurasa frustasi disetiap latihan ngingetin habis passing hrus gerak wkkwkw
positif,goal lainnya timnas dijelbol cuman nonton doang edo hubner pegang bola dibawah ga inisiatif gerak cari ruang minta bola padahal lowong wkwkwkw pemain liga satu mayoritas habis passing melongo diam ditempat sty bilang berkali
positif,ga mgkin soalnya bek aslinya kalo wahyu coretkan tinggal cukup riskan kalo ngandelin bek murni sty sering pake formasi bekðÿ˜…
positif,bilang aja takut sama tim besutan sty ðÿ¤­ðÿ¤­
positif,pelatihnya sty biarkan pilihannya sesuai apa dia mau terakhir ngikutin pilihan netizen timnas ga pernah menang
positif,buat sih ga paham kana ga berlisensi sty kan lisensi nya afc pro jd wajar
positif,pula jarang bgt sty pakai kayanya cma coba taktik aja taktik pakemnya di timnas indo pakai bek semoga sih bnr lawan libya cma ajang coba pemain taktik amp tes fisik aja so tunggu aja di piala asia ajang sebenarny
positif,wolves biasa main bek kemarin bek tp kemungkinan sty bakal pake formasi bek lg laga berikutnya mungkin kmrn krn beneran baru gabung aja jd blm dpt instruksiarahan detail
positif,sty jelasin klo match kmrn cuma mau cek kondisi fisik pemain bahkan witan aja dimainin jd bek kanan pematangan taktik dimulai tgl vs libya amp vs iran formasi besok bakal beda sm yg kemarin
positif,konsep sistem bermain sama eksekusinya yg salah statement sty match kemarin match fitness sajamaka kita liat nd match vs libya ada perubahan tidak analisa main timnas menarik lawan libya kemarin
positif,fisik mengganti pemain awal babak kedua menit sudah jadi signature sty ðÿ¤£ðÿ¤£ taktik ga yakin sty berani memakai taktik lawan jepang irak
positif,jangan ah pemain bagus lho sebenernya cuma kemarin gua baca mana gitu justin hubner bilang kemarin kesulitan baru gabung metodesistem posisi baru timnas yg asing baginya pertanyaannya sty yg harusnya dah tau kebutuhan pemainâ€¦
positif,bukan salah lo sty cuma hasil program pssi naturalisasi
positif,pelatih timnas indonesia shin taeyong meminta fans khawatir kalah coach shin meminta fans tenang sty beralasan laga uji coba pertama untuk memeriksa kondisi pemain usai menjalani tc antalya
positif,sofie imam faizal pelatih fisik timnas indonesia standar fisik yg dinginkan sty pemain mampu beraktivitas fisik dg menempuh jarak km selama x menit vo max atas saat asnawi jd pemain dg vo max tertinggi di timnas
positif,yap bener setuju mantep nya sty ini mintak punya banyak taktik semoga sukses piala asiaðÿ™œðÿ» makasih mintakðÿ™ðÿ»
positif,sty tuh banyak bgt variasi taktiknya jadi menurutku sesuai game plan per match nantinya haye jenner sekali butuh pemain yg gerak cari ruang mau dikasih sekelas de bruyne kalo ga disupport pemain jg bakal percuma so bukan soal org aja
positif,kalo sty pengen build up ala de zerbi butuh pemain tengah tenang punya passing yg bagus decision yg oke memfilter serangan lawan atribut kayanya di thom haye ga sih mintak
positif,wkt tc d krosia pembentukan awl timnas u sty jga pakai formasi tempaltenya jdi cover posisi lebih luas yg dituntut fisiknya
positif,kebiasaan sty menangani timnas u senior tc memang fokus genjot d fisik dulu jadi nggk kaget selalu jdi dasar taktiknya kalau pembuktian tunggu piala asia
positif,memang sepertinya sty laga ujicoba utk mengetes melihat kondisi beberapa pemainnya mengingat beberapa pemain yg baru bergabung jordi yg sebenarnya dlm pemulihan cedera pd bahunya juga justin hubner
positif,setuju kalo mau menghakimi sty nanti piala asia laga lawan libya masuk fifa point lawan iran biarkan aja sty bereksperimen yg ga banyak pahami netizen
positif,jdi intinya sty maknai match training match aja spt pre season awl ngasih pemain minute play menit dimaknai serius byk supporter timnas ðÿ¤£
positif,kalo lu pesimis simpen lu aja ga usah sebar sosmed untung sty mental nya ga lemah kayak ente menyerah ama keadaan
positif,utk pressing memang salah positif era sty trigger utk press jalan mekanisme utk arahkan bola lalu juga pressing trap spt intensitasnya cukup tinggi kalo dikaitkan sama press conference sty pemain memang diforsir utk press agresif
positif,video terbaru kalo kata sty laga untuk tes fisik jadi ga perlu dikhawatirkan soal skor make sense sty memaksa witan bermain bek kanan yg notabene utk match fitness aja tp coba ulas beberapa problem teknisnya
positif,pelatih timnas shin taeyong yakin kalau tim nya mengalami perkembangan positif menelan hasil mengecewakan uji coba sty memiliki kesempatan ujicoba menunjukkan performa tim asuhannya piala asia setuju pendapat sty lob
positif,mental ampas bang mental tai kucing dibacotin sty udh kebal
positif,bukannya rasis mau sty dikontrak abad ga masalah buat sy asal asisten bule nya
positif,lebih baik sty kalo penggantinya
positif,di timnas korea dulu pemain nya jebolan liga eropa bang ga diclaim cocok ngga cocok nya sih lebih proses adaptasi pemain sendiri skema sty
positif,silahkan cek kesimpulan bungcep sejauh saya setuju beliau kita lihat statement sty yg mengatakan serius fifa matchday sesungguhnya melawan libya jumat januari
positif,elkan pas debut jg gk bagus adaptasi emang perlu lolos piala asia timnas indo trial error aff butuh trial error banyak sty emang suka eksperimen
positif,harusnya pengamat ongkang kaki aja layar tv percaya kinerja sty udah world cup masalah sedang diberesin satu persatu pemain yg dipilih udah yg terbaik
positif,yah namanya uji coba un lagian pernyataan coach sty pemainnya rotasi semua lihat aja pertandingan uji coba apakah gak jelas permainannya tidak
positif,sty coba taktik mainin pemain bukan posisinya arteta coba taktik mainin pemain bukan posisinya arteta batu sty batu
positif,mau yg udah sekolah universitas dibangun sendiri pak prabowo mau yg paing epic simak kata coach sty âœœï¸
positif,pengamat anggap wajar cobacoba formasi sty lawan libya
positif,usah khawatir jebreeeteam kalo kata coach sty ðÿ˜ btw jangan lupa tonton bahasan soal hasil uji coba indonesia ðÿ‡®ðÿ‡© vs ðÿ‡±ðÿ‡¾ libya dpi ntar malem
positif,kmrn kamuflase sty kekuatan sebenarnya tampak tunggu saatnya jepang
positif,salah satu pertimbangan knp sty ga pilih stefano selain karna defensive action nya kurang role nya borneo kurang cocok dngn skema yg dimainkan sty
positif,pemain banyak yg baru debut yg abroad bru dateng pemain debutan sty bentuk chemistry antar pemain rotasi hampir tim match semalem toll bgt yg cmn liat kebobolan ama kalahnya doang
positif,pelatih baru dia jelas diuntungkan dapat skuad sudah bagus dimainkan semua sty selama jadi pelatih dapat skuad bagus harus bertahap tidak semua dan bisa langsung dimainkan ðÿ¤·â€â™‚ï¸
positif,pelatih baru dia jelas diuntungkan dapat skuad sudah bagus dimainkan semua sty selama jadi pelatih dapat skuad bagus harus bertahap tidak semua dan bisa langsung dimainkan ðÿ¤·â€â™‚ï¸
positif,yg bilang â€œkami sadar proses tau coach apa anda lakukan tadi malamâ€ in sty we trustðÿ”¥
positif,semoga yg gw harapin bener klo sty nyembunyiin strategi bagusnya soalnya klo ngga gw permainan jaman luis milla lebih enak diliat jaman sty sekarang pemain skillnya udh bagus dulu luis milla bnyak lokalan
positif,piala indonesia bagaimana yg professional ataupun yg youth cba renungkan mau timnas main kek jepang federasinya lah yg hrus muter otak sty pelatih amp jelas hrus benenah tp klo mau dpet hsil yg lbh baik fundamentalnya dong beresin
positif,xixixiixi sty dendy kualitasnya setara asia lilipaly aff doang
positif,cuma berharap sty piala asia nnti lebih maksumal
positif,percuma sih ngerecokin hate pemain sosmed mh ibarat lu nyapu pasir gurun justru kalian klo benerâ² peduli sama timnas harusnya sadar timnas era sty pas diawal satu tahun kmren beda mungkin kehilangan teman diskusi aja kan
positif,masuk bool lu un aja anjir ngenilainya pas piala asia yg ngelolosin indo piala asia sty bukan kim jong un
positif,hasil jarang sparing away salah satunya nihdan jelas sty berusaha berexperimentkeep it up bro
positif,sy sih justru optimis sm permainan babak keini cm laga uji coba utk explore experimendi luar kesalahan bek timnaspermainan timnas babak lbh menjanjikannext qt liat leg vs libyatentu sty pakai formasi yg serius
positif,woii kasian napa ama mang justin hubner baru debut latian jg blm lama cmon lah ni sty jg msh banyak eksperimen buat piala asia
positif,setujuu sepertinya pertanyaan yg sama kepala sty deh underutilized mungkin rasanya tp ngelihat pemain yg ada posisi paling pas memang bek kanan sih tengah sama belakang udah penuh sesak tinggal gmn bersaing sama asnawi aja
positif,izin menambahkan bungcep bungjoe walaupun metode diterapkan sty mulai pola makanan latihan hingga strategi baik pihak klub pemainnya sendiri koperatif level timnas akan situ situ
positif,ujiang sty trosier siapa yg gagal kemungkinan disepak kursi kepelatihan timnasnya masing in sty we trus god please help us
positif,klo mnurut gw sih emg budaya sepak bola sih sty sm pemain naturalisasitp gw prcaya bakal jadi tmbh kaya pngalamannya sm gaya mainnyalebih pasnya emg pressure yg dikasi ga ngotak sihg ad trend positif yg dikasi dri publik mereka
positif,iya dih sty piala asia jga gpp santer van bronckhorst
positif,setuju tgl mungkin sty bakal ngacak komposisi pemain nya final form nya nnti pas lawan iran friendly buat bener banget kayak nya jadi mentor aja deh asst sty buat backup sama coach nova biar makin solid lini belakang
positif,jangan diragukan jerman di obok sty cuma vietnam jepang
positif,justru sty bukan butuh yg cuma cetak gol aja fisik dan dendy untuk menjelang ragnar masuk lagian ngapain nonton liga indo ngikutin banget liganya aja ga beres jgn mengandalkan pemain liga lokal kalo bagian depan om wkwk
positif,lah komen kok bodoh noh liat jepang berapa pemain main liga jepang panggil timnas trus lu maunya sty memilih pemain main liga indonesia pada pemain main di liga eropa
positif,jadi lumrah tabu federasi karena federasi ngasih target pelatih beberapa bilang gaya filosofi sty gak sesuai gaya pemain keturunan yang bersifat eropa gue cuman berharap sty ngasih yang terbaik aja buat timnas
positif,dulu pelatihnya aff bkin kejutan puji puji ada yg memprediksi starting eleven sty skrng bgini hujat trgantung pemain pemain tuh diksih tanggungjawab suruh striker jd bek laksanakan tunggu aja di piala asia klo ancur baru evaluasi
positif,nah lah lo termasuk org yg membenturbenturkan lokal sama naturalisasi korban omongan sty yg suka menjelekjelekan lokal mengagungagungkan naturalisasi
positif,hubner bahkan blm latihan bareng tim tp langsung dimainin sm sty fix jd pemain inti sih pertanyaannya sty ttp mainin sbg lcb posisi aslinya pengalaman senior mentah bgt digeser jd dmf energi mudanya bs dimanfaatin jd ball winner tengah
positif,kayaknya emang pada underperform terus sbnernya uji coba kemarin sty fokus bereksperimen witan aja dijadiin rb semalam padahal stok rb timnas ada walsh asnawi lebih milih nyoba witan rb harusnya laga uji coba tuh jangan ditayangin
positif,klo msih goblok emank pemain yg levelnya segituitu fakta jangankan stypep guardiola klo latih timnas bisa mendadak tololðÿ˜ž
positif,sty sengaja mainin dulu banyak pemain lokal buat jadi perbandingan gimana kualitas yg main liga sama kualitas pemain yg liga luar
positif,positifnya uji coba kalau sty amp tim jadi tau kelemahan uji coba berusaha lebih baik saat piala asia negatifnya kena mental semoga jauh lebih baik kemarin pas piala asia
positif,kerasa jomplang banget ngeliat pasing pemain pure indonesia sama half blod heheberarti sty bener minta pemain keturunan
positif,hooh makanya diganti semua pemain jadi semoga bener aja eksperimen sty
positif,tenang maseeee percaya styðÿ˜
positif,namanya ujicobalu pernah liat sty pake formasi kemaren baru bgt ituapalagi justin blm sampe hari latihan blm baru debut
positif,taktik sty biar kekuatan sesungguhnya timnas gak ketahuan lawan fase grup piala afc hha
positif,selalu katakan olah raga hrs independen bila dicampur aduk dgn politik hancur sty salah gak bagus bibit pesepak bola yg blm utk level asia bahkan dunia utk level asia tenggara kita sdh dikejar vietnam myanmar malu
positif,netizen maunya menang mulu ðÿ˜… wajar lah sty nyoba semua pemain namanya friendly match
positif,seinget gw komentator blg gini dgn hadirnya bberapa pemain baru sty mencoba beberapa posisi laga
positif,lha gimana timnas bukan buat ngatur gimana main bola yg bener gimana penempatan yg bener kan tugas klub timnas tinggal panen hasil yg udah bener liga maupun klub sedikit banyak yg bikin sty ngambilin pemain diaspora
positif,kebiasaan sty kalau ujicoba suka bapuk pas main turnamen apa fmd gacoorr
positif,sty minta naturalisasi karena lokal ngampas kalo lokal bagus y pake lokal g naturalisasi kaya pas ngelatih korsel dong logika dipake ðÿ˜œ
positif,yahhhh kebiasaan netijen bahkan udah yg nyuruh nyoret justin teriak sty out ðÿ˜´ bandingkan indonesia menang wo kontra libya gbk
positif,strategi sty menyembunyikan kekuatan timnas yg sebenarnya tidak dipantau irakjepangvietnam laga asia ini contoh twit pemuja sty
positif,pujian racun termasuk sty udh cukup maklumisasi saatnya kasih kritikan pedas
positif,sty berproses yes ðÿ¤œ
positif,yup jadi kaya gini karna awal sebenernya arhan masuk skema sty kl dr performa kerasa bgt penurunannya karna ga main reguler
positif,seenggaknya netijen gak spesifik ngehujat pemain siapa siapanya ndos wk paling sty yg kena tp sty mana peduli uji tanding gak target menang terusðÿ¤£
positif,seru sih arhanedo sty kecenderungannya bakal ttp pilih arhan
positif,kalo dr berita yg beredar gt match kmrn match biasa pas jumat besok baru masuk fifa match a mskpn match biasa yaa sty nii kebiasaan suka nyoba diluar nalar yg bkin naik darah wkwkwk
positif,mourinho allegri guardiola bakal nyerah skuat timnas emang fundamentalnya aja gak megang makanya sty bawa tim lolos asian cup aja udah ajaib
positif,kalah seri menang hal wajar sepakbola tetap dukung apapun hasilnya kritik sewajarnya jangan bawa localnaturalisasi samasama cinta bola untuk lambang garuda dada ðÿ¦…ðÿ‡®ðÿ‡©ðÿ‡®ðÿ‡©ðÿ‡®ðÿ‡©â™¥ï¸â™¥ï¸ akan terus support dimanapun kamu berada dalam keadaan apapun â™¥ï¸
positif,supporter bola indo sdmnya rendah yg mrk ngerti tuh cuma bagian naturalisasi seketika mrk lupa gmn mrk merendahkan pemain lokal yg ngrendahin pemain naturalisasi mah cuma beberapa tp dibikin heboh sdngkn yg ngrendahin pemain lokal smpe bawa personal tuh banyak
positif,gue plg benci sm akunâ€ bola indo mengandalkan drama ga penting buat mendongkrak popularitasnya masalah naturalisasi pelatih ibaratnya paling nomor bontot kalo masalah prioritas
positif,malaysia banyak menggunakan pemain keturunan naturalisasi jumlah lebih banyak indonesia saat diisi pemain keturunan dinaturalisasi piala asia ðÿ“¸pengamatsepakbola
positif,deh bang gua ga bertujuan membela naturalisasi ataupun membela hasil buruk timnas meluruskan kalau main bola semudah melihat hasil pertandingan
positif,inggris france aja yg jago maen bola msh byk naturalisasi
positif,emang nya main bola kumpulin orang langsung main trus langsung hebat kan butuh penyesuaian bang kalau benerin pembinaan perbanyak kompetisi gw setuju bang kalau konteks naturalisasi yah sabar aja lihat piala asia
positif,klo mnurut gw sih emg budaya sepak bola sih sty sm pemain naturalisasitp gw prcaya bakal jadi tmbh kaya pngalamannya sm gaya mainnyalebih pasnya emg pressure yg dikasi ga ngotak sihg ad trend positif yg dikasi dri publik mereka
positif,pemain yg sekarang aq lihat ga banyak tingkah kayak si diego malah banyak ngasih positif kayak sandy negur halus jangan terlalu banyak ngemil coklathal ini yg ga dilihat sama kaum yg kontra naturalisasiya ga bro ðÿ˜‚ðÿ˜‚
positif,kurangnya timnas perlu pemain naturalisasi ayo pssi lebih giat cari orangorang mau jadi wni pemain bola bagus biar prestasi terangkat paling di level asia kalo perlu full team pemain cadangan
positif,main bola nunggu bukan jemput bola seklas pemain naturalisasi jd bingung mau ngumpan akhirnya balik lg oper belakang wkwk umpang crosing udah kalah tinggi postur
positif,bacot ih lokal ataupun naturalisasi kalo ga klop chemistrynya kureng yaa ga bakalan bagus mainnya gue malu anjir fans bola indo tololsalah dikit kritiknya org yg udh ga main babak aja aja disuruh keluar y gimana mau keluar masuk aja gaðÿ˜­
positif,lini serang gak berwordword dikasih bola bawah kerebut dikasih bola atas kalah duel serung cenderung memaksakan fix waktunya naturalisasi erling haaland mbappe
positif,bola lebih ngalir emang butuh full naturalisasi mah
positif,yuk full pemain naturalisasi gw capek ngeliat batang kayu maen bolaðÿ™
positif,awas pengamat indonesia yg paham sepak bola indonesia bilang ini salah pelatih bukan pemain padahal suporter liat elah pemain local main gini piala asia obok doang full naturalisasi gak apa punya gaya main gak gampang salah pasing sama vs kalah
positif,naturalisasi semua pemain bola yg dunia ðÿ™œ
positif,lu nnton match mana idiottt ga liat lawan turkmenistan ga liat u liat lg dek chemistry u lebih mateng tiki taka main bola pendek gak kek senior yg full naturalisasi main msh longball kacauu orang kek elu sampahâ² fans timnas liat bola ga objektif memek
positif,terbaik atas kertas sih harusnya iya terbaik tp sepak bola gk bs diprediksi dg kuantitatif justru spt tamparan keras utk sendiri sibuk banget naturalisasi pemain menyesuaikan level timnas sdgkan halâ² yg perlu utk dikembangkan
positif,makanya gw bilang gtu pemain indo yg abord aja kualitasnya gtu aja sokan nolak pemain naturalisasi yg main eropa dr pemahaman bola diatas pemain indo yg passing kontrol ancuran so gk usah dah teriak lokal pride kalo kualitas gtu aja
positif,kan memang keturunan substansinya apa kalo beliau tu keturunan daftar capres uu melarang sederhananya main bola aja naturalisasi membela indonesia ahok aja bisa jadi bupati jadi gubernur mikir yg boleh mengutakatik uu lewat mk
positif,gk yang akalin semua sesuai prosedur naturalisasi ternyata emang hate speech daritadi argumen mu ðÿ¤­ dah kelihatan dungu nya emang naturalisasi tujuan nya sepak bola emang mau buat apa nambah pasukan tni ðÿ¤£ bahasa indonesia gk wajib naturalisasi
positif,paham dong yakali gk pahamðÿ¤£ cadangan wkwkwwk pemain naturalisasi main gitu ðÿ¤£ cidera wajib dimainkan dungu cadangan sepak bola wajar buset akal sehat nya hilang rotasi tim penting blok ðÿ¤£
positif,ngeri sekali hari gini bicara ras bukankah sudah menjadi warga negara indonesia memiliki hak sama harus banyak belajar sepak bola indonesia naturalisasi memiliki hak sama yang lahir besar negri
positif,udah aturan nya soal naturalisasi selama naturalisasi pemain bola sahkan dpr gk masalah pemerintah gk ribet kok elu ribet ðÿ¤­ wkwkwkwkw dungu
positif,inget kata gw naturalisasi lebih besar dr urusan main bola tp kalo taunya cm urusan bola wajar ðÿ¤£
positif,padahal situasinya skrg lebih banyak yg dukung naturalisasi amp progress sty timnas ngebenturin justru malah nambah musuh amp org antipati sm opininya harusnya netizen ini dirangkul biar makin banyak yg cerewet tagih perbaikan sistem pembinaan federasi
positif,setuju sejauh masih banyak pembenturan pembinaan isu naturalisasi yg bikin narasi polarisasi melabeli lokal naturalisasi timnas narasi buat perpecahan kubu antar suporter indonesia
positif,yuk jurnalis pengamat influencer netizen yg ngakunya peduli pembinaan usia muda sering ramein bikin postingan semacam yuk fokus support perbaikan grass root amp youth development drpd trus benturin isu sm naturalisasi udh gak relevan lg
positif,butuh apa maksudnya kalo ukurannya atas pemain lokal rata rata naturalisasi wong naturalisasi pd berkarir eropa bahkan bbrp divisi teratas tp kan bola emang kalah tinggal kalah kan gak bakal pd mati lu kalah bola doang
positif,klo cuma karna banyak pemain naturalisasi filipina lebih banyak harusnya lebih pantas berpestasi klo tc luar negeri emang dilakuin dulu siapapun pelatihnya klo pssi emang niat majuin sepak bola indonesia
positif,yg lokalâ€ koarâ€ gamau nerima pemain naturalisasi coba liat nihhh pemain lokal yg klean banggain bandel bgt ksel gue lama lama ngeliat kelakuan timnas bola indo udah bukan kek atlet tpi kelakuannya malah kek seleb ngelanggar peraturan coach yg jelasâ€ buat kebaikan
positif,a timnas ðÿ”¥ ðÿ‡® ðÿ‡© statistik thom haye eropa sungguh mengesankan pantas jadi andalan semoga proses naturalisasi berjalan lancar haye memberikan kontribusi besar kebangkitan sepak bola indonesia ðÿ’ª âš½ ï¸
positif,memang dr dulu pemain indo gapernah fit makanya gapernah main bola gapernah menang udah cocok naturalisasi semua lebih disiplin tu bule
positif,ciee si thom haye ngebut nih karirnya sepak bola eropa keren banget bro sekarang proses naturalisasi buat main timnas indonesia semoga jadi pemain tengah kelas dunia deh
positif,kompetisi tahun an hasilnya gtu hal dasar diet masih jauh harapan pdhal kalau kata media gaji pemain bola lokal udah tinggi naturalisasi cara yg halal yg dicari halfblood liga pemain dalam negeri arus cath up nutup gapnya
positif,masa penduduk an juta harus nyari naturalisasi sih buat dpt pemain bola bro jumlah diaspora tuh jutaan salah satu yg terbanyak asia masa juta trus yg jago ga diambil kan aset jg
positif,van burgerking mah udah gamain bola baru dinaturalisasi emang pssi jaman dulu aja kocak naturalisasi asalasalan buktinya lilipaly periode sama naturalisasi gagal sukses kok ðÿ¤£
positif,padahal akar permasalahan disitu naturalisasi cuma konsekuensi jeleknya kualitas kompetisi pembinaan usia dini bola lokal lucunya selalu dikritisi konsekuensi nya akar permasalahannya ademâ² aja
positif,nah tuh tahu kalau kompetisi sama pembinaan usia muda perlu dibenah naturalisasi keturunan kok terdengar jadi alasan terhambatnya pengembangan sepak bola lokal
positif,kompetisi bola lokal persoalan kinerja wasit tahun tahun blm perubahan signifikan gue sih setuju naturalisasi pemain berdarah indo
positif,bang argentina yg juara dunia aja baru ambil pemain spanyol loh pemain keturunan udah biasa dunia sepak bola berhubung negara ga menganut dwikenegaraan makanya naturalisasi
positif,krn sistem pembinaannya blm rapiasalan jd banyak yg takut naturalisasi bikin federasi makin males benerin aspek kuncinya di keseriusan federasi benahi sistem pembinaan biar g terus dibenturin sm isu naturalisasi
positif,situasi skrg hampir semua lini kurang kuat bersaing level asia talenta diaspora blm tiap tahun muncul jd g salahnya klo mau memaksimalkan buat kepentingan negara jg soal pembinaan bahasan berbeda mau naturalisasingga y ttp jln
positif,satu line up naturalisasi smua
positif,disini squadnya merata bukan cm material posisinya pemain berdarah jawa sumatera naturalisasi sampe anak timur papua bener berhasil menyatukan fanatik club bola yg waktu lagi rusuhnya jd terbaik bukan cm prestasinya vibes nya waktu berasa bgt
positif,iya neneknya oramg sulawesi udah memenuhi syarat fifa kok di naturalisasi half blood pihak kakeknenek
positif,pemerintah bersikap jelas memulangkanmengusir itu ndak mungkin dibenarkan uud peri kemanusiaan membuat terus djadi pengungsi mau kapan kalau naturalisasi atas nama sepak bola sadja kenapa atas dasar kemanusiaan tidak bisa
positif,pemain naturalisasi udah sekarang waktunya ganti generasi komentator nonton timnas komentator cuma modal semangat jargon konyol sesekali undang kek pengamat bola x aslibeberapa ulasannya keren ngebahas taktik
positif,thun llu gk naturalisasi mgkin msih trauma sama paketan naturalisasi era dualisme dlu lent tkut salah comot taulah sifat org indo klo trauma lebaynya gk ketulungan
positif,tahun lalu indonesia memang ga gencar buat naturalisasi pemain mungkin waktu pas buat
positif,
positif,naturalisasi pemain keturunan menjadi langkah efektif sehubungan pengelolaan akademi sepak bola indonesia belum bagus pengelolaan liga indonesia dinilai belum bersaing liga liga tetangga malaysia beropini
positif,semua persyaratan diperlukan proses naturalisasi semoga thom haye segera menjadi bagian timnas indonesia memberikan kontribusi besar perjalanan sepak bola indonesia
positif,mau percaya sama akmal aja udah aneh dulu pas jadi anggota satgas anti mafia bola koar punya bukti adanya praktik mafia bola internal federasi eh sekarang cuma tebar gosip yg mendiskreditkan pemain naturalisasi pelatih timnas
